age	birth	death	perception	sorrow	suffering
60	available	back	beautifully	crafted	defining	equipment	era	given	haunting	moving	recording	sound	them
cds	days	dustbin	gary	glitter	into	over	probably	throwing
anything	broken	hearts	help	hurting	sorry
although	blue	budget	front	lol	lowest	probably	screen	seen	ve
ago	album	baby	dig	ended	find	ll	long	moved	re	remember	sure	talking	through
fade	taking
wonderful
boy	elder	favorites	girl	interpretation	little	mother	number	plausible	put	raise	says	sisters	someone	three	tom	treat	whose	wig
actually	admit	away	before	blown	embarrassed	listened	long	took
after	came	chihuahua	dog	herman	intelligent	jack	lola	loving	malinda	mix	owned	rescue	russell	say	sensitive	terrier
boot	looking	talented	well
crazy	eye	fell	full	insane	loud	sometime	sorrow	tears	unsaid
lady	say	says	true
bottle	carnations	champaign
again	believe	blessed	brightens	face	feel	hard	lost	may	melts	moon	send	stars	stop	sweet	thinking	thought	thoughts	ve	wait	walker	wanna
englebert	feel	feeling	friend	low	once
age	called	describes	golden	loved	us
bless	care	family	lovely	take	them	wife
englebert
automatically	bethesda	fallout	gaming	personally	playing	started	thanks	until
close	feeling	five	happy	into	matter	seconds	tears
2017	cry	everytime	funny	girlfriend	hope	makes	same
became	before	crap	enough	everywhere	long	played	radio	respectable	rock	roll	used
go	magic	sway	technique	weak
anybody	does	piano	posting	robertson	thanks
every	form	greetings	netherlands	play
12	scary
something	wrong
album	doubt	greatest	handedly	single	story	tommy	unbelievable	weird	work
50	brenda	emotion	feeling	full	heaven	lady	sounds	tire
80s	during	especially	overplayed	perfect	weddings
careful	entertainer	greatest	our	person	please	say	talking
glory	jeans	morning	put	soon	wakes
after	grandparents	least	means	named	quite	something
romantic
50	60	70	appearances	artists	back	band	didn	easy	engineer	even	frequently	making	need	needed	sound	studio	technique	tracks	used	weren	whenever
because	enjoy	even	everyday	last	treat
earth	heaven	ll	nearest
asked	childhood	friends	mom	seen	something	started	stop
chocolate	cigar	coffee	cuban	disturbing	draw	faster	imagination	need	partner	without
came	experienced
casper	change	key	made	recorded	ride	ticket
detailed	evergreen	everything	moving	musics	quick	rip
intro	masterpiece	match
arms	cause	hold	loving	painful	till	ve
age	legend	power	seventeen	soul	vocal	young
controls	each	note	notes	quality	should	sound	unimaginable
50	60	80	heaven	loved	proper	ruby	singers	youtube
blues	country	elvis	rhythm	rock	roll	soul
being	cool	exceptions	few	find	frankly	made	meaningful	nicely	nowadays	performed	rhythm	seventies	significance	signified	something	sort	times	tunes
1st	21yr	accurate	daughters	describing	elle	especially	every	grace	lyrics	may	name	single	tune	written
anymore	gets	gonna	looking	lose	son	wife
assured	forgotten	list	loved	rest	restore	sorry
continue	enjoy	legacy	live	lonely	wil	work
grew	number	soulful	tired	voices
actress	fantastic	woman
cheap	compilation	decent	laura	park	pictured	skank	trailer	until
amazing	born	year
beat	coincide	degrade	diss	downgrade	innovate	inspire	lost	made	motivate	na	need	purpose	sha	want
different	find	format	prefer	seen	soothing	ve
forget	record	walked	wife
afternoon	anyone	beach	breeze	california	cool	dress	faded	floaty	lady	late	levis	linen	refreshing	romantic	sand	shirt	suggestive	summer	walk	white
beach	dance	dream	hawaii	partner	wanna
1987	back	fucking	getting	laid	looked	lot	must	shawn	ve
because	choir	glad	head	learn	lol	stuck
cup	extremely	isn	tea
50	boo	go	pop	pure	rock	roll	white
beared	coffin	crematorium	father	favorites	into	late	meaning	played	special	top	tribute
butter	cant	describe	honey	over	running
bless	fantastic	missed	ones	roy	young
ain	amen	anymore	gonna	loved	peace	performance	rest	says	scott	shine	sun	talent
60s	70s	attraction	beauty	faces	full	natural
10	doomsday	favorite	knowing
elders	gives	headache	honest	nowadays
sarah	unique	vaughan	voices
adorable	also	beyond	complexity	nuance	yet
1960	21st	century	certainly	lady	vintage	young
happy
60	melts	prepare	rocker	sound	usually
last	someone	special	waltz
ago	bit	email	few	information	intended	little	lot	months	next	schedule	see	solely	week	weeks
before	guess	late	leave	someone	tell	them	us
elvis	jackson	michael	presley	see
absolutely	favorites	hearing	tire
gave	lyrics	speak	team	themselves	us	wonderful
heartbreak	makes	pain	sound	suckers
black	natural	soul	thing
2010	both	boys	burnt	cash	die	door	down	family	henderson	house	jr	location	looking	next	performer	person	roy	sir	site	stood	tennessee	visited	wonderful	yes
bloody	drums	era	fantastic	heartfelt	lost	play	pretty	problem	recluse	sadly	say	soulful	unheard	wanted
follow	harmonies	little	made	maker	number	trust	uk
friend	goodbye	jimmy	tell
bless	elvis	forever	friend	greatest	miss
60s	backing	born	enjoy	oh	sometimes	vocals
admit	days	generation	grew	ll	part	wasn
arms	downy	easily	even	fore	hair	interesting	means	scott	see	technology	tendons	todays	veins	vintage
brilliant	highlights	tragedy	well
actresses	distinguish	gone	look
beauty	grandmother	loved	pure	understand
new	versions	year
bad	band	camera	deserved	dominates	equal	especially	face	instruments	lead	members	other	played	recognition	since
american	artist	away	blues	doubt	greatest	james	lifetime	listened	may	maybe	nothing	prolific	said	statement	take	taylor	thing	three	times	tune	ve	white	writers	written
effect	enough	funny	including	relationships
also	back	behind	co	crap	crowd	himself	history	knew	look	made	plus	rest	sadly	sell	stage	tunes	which	wrote
after	also	band	because	being	due	enough	full	fully	hits	knew	lived	long	made	maybe	mostly	popular	problem	rated	say	see	stay	together	underappreciated	underrated	understand	yes
creation	evergreen	melodious	romantic	sweet	wonderful
beginning	forever	king	laughs	looks	side	thinking
names	photos	posted	recognized
back	insinuations	lyric
fantastic	favorites	gold	perfect	pure
because	born	circle	comment	dont	generation	jerk	kids	ones	re	section	smart	thing	wrong	youtube
amazing	truly	uploading
let
close	different	eyes	yesterday
brings	ironic	lovely	must	tears	voices
beyond	eternal	idea	theme
days	gone	nothing
fantastic	little	new	should	someone
billy	fury	predating
1969	1973	album	anyone	bought	dad	early	far	go	lot	loved	mother	single	singles	touch	vocals
generation	generations	lived	prefer
76	gives	goosebumps	handsome	lovely	play	re	them
away	else	father	morning	nearly	passed	shine	smiling	somehow	sun	sure	thinking	track
band	being	clapping	crazy	everyone	fantasize	going	guys	laugh	playing	told
cruel	darkness	short	surrender
17	falling	school
20	born	browsing	father	found	teenager	while	year
dance	someday	wedding
16	age	begin	hope	kind	which	wonderful	wow
dance	daughter	go	living	loves	room	says	sway	swing	weak	year
falling	rain
cars	clear	drive	late	night	relaxed	streets	tune	vibe
again	back	because	coming	else	elvis	forever	gone	keep	other	our	special	videos
brilliant	course	englebert	sung	well
another	away	calling	dear	different	distant	drums	favorite	flowing	gone	jim	meaning	mum	oh	reeves	sound	takes	tears
favorites	sharing
dear	film	permission	re	short	sir	use	want
either	grandpa	send	wow
60	ago	couple	era	every	fantastic	instruments	into	lyrics	missed	posting	ran	somehow	thanks	voices	weeks
16	artists	daughter	exposed	knew	loves	orbison	right	rock	roll	until	year
1952	1957	1958	called	certain	comment	dickie	elvis	find	frankie	further	guy	international	male	mr	nme	poll	presley	previous	running	slot	taking	top	uk	valentine	vaughan	vocalist	vocalists	voted
certainly	earth	fella	gorgeous	however	imaging	left	lol	looking	mark	over	right	rolling	soon	stunning
highest	leave	startled	volume
90s	child	house	incredible	sounds	track	wow
again	kind	melody	performance	unbelievable
2018	add	ago	couple	didn	find	honest	idea	innocence	kid	may	seems	sung	until	weeks
america	another	comment	nam	play	played	radio	saw	viet
billy	fabulous	underrated
1980	around	boyfriends	brother	doormat	favorites	gonna	let	look	safe	sort	tell	though	use
advice	again	back	once	replying	sound
30	32	another	believe	combination	credit	depressing	deserved	duo	emotion	emotions	feeling	female	go	guess	hits	imagine	into	musicians	passed	personally	probably	put	relate	richard	said	sang	through	times	truth	well
davis	difference	feeling	least	made	makes	original	puts	seeing	skeeter
anymore	country	happened	isn	mean
cloud	computing	lost	mans	thanks
away	breath	certain	gave	held	hug	hugs	mind	omg	takes	thinking	tight
even	genre	meaning	nowadays	teen
excited	knows	night	same	say	thing	thought	want	work
child	especially	fantastic	loved	young
100	agree	back	live	wished
150	1930s	actually	attack	future	herbert	hitler	next	novels	predict	predicting	predictions	pretty	series	shape	soviet	start	things	tried	union	wells	went	where	wrong	wrote	wwii
amazing	arrangements	arrangers	background	classics	credit	deserved	dramatic	orchestrators	pop	powerful	probably	sharing	work	youth
ain	classics	country	stuff
friend	girl	laura	young
arts	class	family	fan	future	happiness	health	legenda	light	luck	musical	prof	rock	soft	young
going	opening	painter	richard	seeing	simmons	softly	speaks	suggest	thing	well
calmness	comes	every	feeling	happiness	smile
another	beatles	cares	clearly	conversation	harmonies	history	hollies	level	match	part	regard	same	took	vocal
comment	funniest	lmao	saw	youtube
80s	anybody	beatles	else	elvis	getting	influential	into	ironically	likes	once	saw	sounding	started	stop	them	thing	tunes	type
end	head	makes	musical	slap
absolutely	band	bless	burton	elvis	entertainer	fantastic	forever	glen	greatest	hardin	heaven	james	over	tcb	vocalist	yuo
affair	ends	moment	separated	yes
1958	big	charismatic	couple	crown	door	frankie	gilmorton	green	hits	hotel	local	original	sang	strength	tower	uk	vaughan
billy	flowed	fury	isn	right	though	totally	unacceptable
gold	matter	remain	timeless
imitated	once	resonance	totally	unique
80	90	born	came	even	though	wasn	yet
being	couldn	depressed	done	everything	fixed	help	nothing	sadder	undo	wished	yourself
bag	beaten	being	birds	cat	morning	natural	paper	pure	singers	sounds	spring	talent	type	unlike	wake	whose
ages	describe	emotion	feeling	perfection	smooth
down	gave	person	romantic	thumbs	want	wrong
over	special	young
1980	certainly	focus	soft	sure	where	without
against	battle	ensues	glorious	gun	last	makes	stand	tyranny	vigilante
darling	didn
ahead	around	end	go	guys	harbor	hey	horn	instinctively	into	kinds	laugh	looking	looks	nash	noticed	often	ships	things	towards	turns	wondered	yes
loved	ones	remains
backing	being	dickie	didn	looking	melodic	need	singers	true	valentine	well
awakened	dream	played	scared	vivid
aged	almost	cute	downhill	go	guess	guy	handsome	harder	looked	looks	middle	naturally	preserve	re	should	though	typical	ve	worked	young
kind
channel	congratulation	discover	france	hello	pleasure	sharing	sincerely
cherish	forever	forget	magnificent	orbison	roy
beam	captured	died	download	era	own	scottie	shined	since	sound	sun	yet
around	chen	end	genuinely	peter	sung	touching
blocks	box	comments	hey	move	please	sort	texting	youtube
appeals	artists	found	generations	modern	sung
part
1967	anyone	around	audio	autobiography	book	erudite	fantastic	pete	rather	reading	recommend	right	spoken	well
further	guys	made	should	sound	theme	voices
awesome	country	dies
16	amazing	ve
because	darkness	different	flower	guess	interpret	light	rising	sun	talk	things	words
actors	index	interesting	movies	see	them
another	believe	cramer	delivery	distinctive	floyd	ivorys	legend	locklin	loved
over
fogerty	john
close	eyes	follow	perfect
art	artists	brilliant	develop	given	millions	museum	over	piece	pleasure	vocal
comment	eyes	future	leave	ll	see	tears
genre	lover
facebook	let	lie	liked	photo	post	ricky	shared	youtube
after	came	girl	girlfriend	happened	marry	new	scruffy	unattractive	wonder	zealand
advance	anyone	comment	corresponding	does	movies	pictures	please	tag
16	age	believe	hard	said	someone
ability	express	meaning	point	things	unable	understand
cry	hold	legends	makes	myself
anymore	bad	childhood	thing
30s	60s	70s	74	alive	amazing	anymore	brenda	buried	ending	forever	forgotten	generation	happy	historical	lee	new	sironaca	youtube
cover	elvis	forget	harmonica	key	look	making	played	soooo	tune
22	60	adaline	age	ask	band	brought	daughter	enjoying	evening	movie	viewing	youngest
clear	english	every	karen	mother	nowadays	pronunciation	rare	sings	tongue	understand	which	word
14	agree	british	grew	invasion	matter	person
compose	guys
loved
commercial	hilarious	samsung	somehow	until	which
darn	eyes	onions	put	running
agree	because	crap	elvis	gang	garbage	go	gonna	gucci	king	let	magnificent	new	person	please	replace	right	rolex	rude	seriously	sounds	wait
amazing	attention	beating	bless	clean	crap	draw	garbage	karen	live	others	resort	themselves	without
anytime	begin	bet	future	generation	goes	hit	ill	new	play	radio
gladys	hearing	knights
background	barely	nowadays	words	wow
course	seen
after	apart	arte	because	being	called	couple	el	en	fantastic	heaven	met	show	ti	us	used	work	writer
find	innocent	kind	where
bless	dean	martin	may	soul	wonderful
everyone	lot	should
appreciated	beyond	few	invent	machine	please	realize	somebody	soulful	steve	teens	under	virtuoso	younger
called	hill	mockingbird	place
again	miss	teresa
funky	gen	instruments	parents	used	wow
friend	keeps	laura	name
behind	etc	gonna	modern	other	take
almost	couple	favorite	lady	loved	lovely	met	often	play	rip	ruby	times
actually	days	looks	meant	something	videos
brenda	lee	thanks	youtube
appears	concert	elvis	enjoying	fine	gone	over	priscilla	ride	year
before	car	door	drive	hang	movie	movies	play	sounds	speaker	window
days	looking	lyrics	power	without
boyfriend	future	say	tell
elvis	forever	live	long	miss	singers
brought	glad	guy	hearts	king	lived	lives	musician	our
dance	hits	millions	should	soul
full	give	melancholy	sorrow	use
renamed	rendition	should	wonderful	wow
cause	must	other	parents	phones	them
makes	wonderful
feeling	innocence	kinds	little	original	pure	spirted	vocals
bass	bottom	does	home	tell	well	whopper
disliked	taste
after	amount	dog	included	lady	media	myself	powerful	seeing	source	sweet	twitter	unbelievable
became	cause	crush	favourite	friends	go	home	knowing	name	repeat	search	talking	thanks	without
also	forever	handsome	touching	woo
seen
16	anyone	legendary	na	name	please	singers	type
guy	happy	sings	tune
around	brought	dancing	family	favorite	strickly
days	hip	let	low	meaning	over	pop	rap	take
actress	anyone	close	dark	does	face	featured	haired	half	see	through	youtube
again	apparently	came	loved	myself	need	supernatural	thought
baby	parents	told
locklin	opinion	well
crap	grew	sort	words
actually	back
care	clown	funny	guy	hospitals	kids	least	leo	nonetheless	others	sick	started	thinks
couples	heavenly	legends	overlapped	screen
case	give	point	rest	shot	told
new	performance	terrific
environmental	file	impact	statement	town	whirl
discover	fabulous	group	often	share	wow
country	currently	going	husband	meaningful	present	reduced	sent	tears	through	tough	words
50s	60s	aunts	born	elvis	emotion	genuine	grew	heartfelt	late	orbison	preferred	raved	roy	sung	thought	uncles
existed	magnificent	voices
country	matter	pop	times
abroad	appreciate	english	find	happy	looking	lyric	spend	studying	understand	without
relevant	wow
dislike	hits	home	right	someone	understand
benson	called	classified	emotion	feelings	george	glen	hit	overall	popstars	pretty	sang	tune	wonder
believe	dislike	new
brewer	evening	fantastic	hill	lovely	mockingbird	ms	spend	talented	woman
appreciated	game	may	movie	recall	reference	where
1st	2nd	30	47	back	blessing	came	convince	december	granted	greatest	hope	later	leave	lou	marry	mary	nam	pray	reality	receive	served	tour	viet
another	elvis	guy	original	thought
country	down	fans	fashioned	keep	post	see	thanks	young
carpenters	even	gets	perfect	privilege	representation
difference	hearing	keep	noisy	romantic	true	tunes
80	adult	arranging	away	complete	couple	dozen	golden	later	made	melody	message	oldies	orchestration	other	outstanding	pull	simple	standards
die	every	loved	made	mother	played	sounds	word
cases	few	language	lyrics	new	original	translation	where
break	crazy	drama	easy	meaning	take	yourself
15	17	accident	bike	came	died	friend	jimmy	motor	name	nana	scary	story	year
also	passed	same	whenever
cruel	ended	ironic	made	punishment	reckon	worlds	worst
amazing	before	soul	touches
2019	happened	romance	romantic
because	channel	found	guessing	jerry	posted	said	vale
structured	ve
devices	digital	excellent	far	lyrics	modern	produce	rely	singers	versions	which
especially	feel	feeling	happier	itsliverpool	liverpool	low	making	track	tune
baritone	bass	complexing	soprano	talented	tenor
screen	silver	stars	thanks
between	fantastic	frames	off	putting	strange	sure	transition
100	along	beatles	dylan	even	over	played	stones
fantastic	greatest	performance
14	back	bell	concerning	end	fashionable	guess	hair	same	shape	times	wow
posting	wonderful
around	end	meaning	same	which
000	50	80	agree	ain	alone	anymore	being	company	favorite	funny	garbage	gonna	itunes	made	marin	mr	none	put	shine	stand	stands	sun	surname	trio	walker	wholeheartedly
17	40s	50s	60s	age	alternative	basic	bold	compared	conclusion	currently	existent	experience	explicit	fossils	group	historic	however	illicit	isn	modern	non	others	past	points	pretty	profane	realise	taste
another	greatest	oh	same
america	american	band	britain	brothers	due	famous	history	made	may	righteous	walker
artist	break	forever	kind	live
because	called	felt	men	our	soft	told	try	where	women
actually	age	describes	golden	melody
25	age	anyone	before	business	couldn	dance	hair	million	oh	other	popular	presence	retired	seen	show	showed	stage	things	wasn
countrify	course	may
close	elvis	entertainer	greatest	peace	rest	see	sent
group	live	sounds	studio	well
dance	dancing	friends	keep	mind	physically
done	original	release	well
53	anyone	certainly	does	film	fits	star	superb	well
cant	greats
absolutely	elvis	forever	lord	made	off	showing
dance	daughter
across	appreciation	innocent	jim	live	long	reeves	reminds	rightly	thread	united	us	ve
artist	became	explain	feelings	global	legend	star	start	suddenly	superstar	true	where	wonderful
adore	biggest	elvis	handsome	history	hot	sexy
committed	crime	discussing	enjoy	sick	without
again	arrangement	because	compare	doesn	every	favorite	few	harmony	ll	past	perfect	super
able	add	addition	age	alan	barrymore	being	clift	credit	dean	didn	extra	few	ford	glen	golden	half	hollywood	james	john	ladd	list	men	movie	name	offhand	over	past	picture	re	running	shown	someone	sophia	spencer	stars	stills	stumped	though	tracy	veronica	wayne	well	without	women	wonderful
absolutely	appreciate	boast	brilliant	days	element	enjoyed	jim	least	older	posting	thanks	yes
attractive	boy	dude	feel	huge	movie	natural	pinup	romantic	screen	seemed	side	soft	star	teenage	typical	ve
almost	billy	earth	handsome	sings	unbelievably
absolutely	amazing	brings	eyes	makes	see	story	tears
another	exquisite	justice	mans	posting	remarkable	unique	words
400	bought	btw	carefully	curios	daughter	doll	dollars	find	googled	indeed	karachi	listened	loops	low	pakistan	part	preset	quality	rupees	sound	where	words
tech	us
after	anyone	apparently	back	birth	died	dude	end	go	gospel	jesse	late	named	resemblence	seen	striking	tomorrow	true	twin
came	crap	felt	holy	next	right	serious
handsome	look	past	present
live	once	seen
bear	name	seem
cutting	doing	gifts	giving	making	pictures	them
alone	because	die	going	grew	hard	learned	little	loved	probably	relationship	say	show	them	things	told	whenever	woman
country	lovey	singers
1960s	boy	brought	early	girl	knew
blood	carlos	flesh	movie	played	thompson	tune	wonderful
accent	although	dc	girl	lol	moan	southern
1967	ago	aint	long	nothing	nowadays	peace	touch	wow
asking	blacklane	bolt	boot	car	class	even	fresh	into	long	off	pie	sense	shove	steamer	well
60s	90s	95	alive	appreciate	around	back	cut	enjoy	enthusiastic	folks	grown	hardly	magic	meaning	oh	play	playing	short	something	talking	through	uhh	wanna
carefully	kind	story	tells
able	fulfill	gentle	go	left	lisa	loved	marie	princilla	soul	started	wrong
anybody	guy
17th	because	coincidence	favourite	happens	laura	name
50s	60s	beat	early	late	period	totally	unique
class	crafted	massively	musicians	perfectly	performed	pop	underrated
emotion	interpretation	lot	woman	wow
add	black	coupled	days	easily	effect	enhance	gone	hey	long	lovely	magic	moodier	pace	photographs	plaintive	sadder	slower	sparkle	white
class	eurovision	re	recorded	should
1966	20	ain	also	among	anymore	aren	aware	beatles	brothers	charting	club	country	especially	fact	fan	girls	gonna	high	hit	larger	lead	less	new	number	particularly	popularity	reached	said	scott	shine	successful	sun	teenage	uk	vocalist	walker	well	which
lyrics	matter	repeated	same	times	tired
planet	thought
changes	crucifix	lets	look	okay	shirt	three	times
25	anything	country	favorite	go	stand
favorites	posting	shame	sure	them	used
attention	joint	lyrics	pay	relates	situations
20th	artists	century	guys	mail	medal	recognizable	special	sure	want	wow
10m	change	communicate	fans	knowledge	lady	language	little	sironaca	voices	without	wonderful
awesome	own	range	style
forever	truly
days	hears	words
happy	makes	newcomers	older	retarded	sound	turn	wonder
different	enjoy	familys	generations	quality	true
clear	crystal	else	melancholy	recreate	remarkable
again	anymore	appreciate	between	clip	days	each	every	everyone	far	feedback	few	hi	left	memories	messages	read	thanks	them	watched
again	although	bogged	breaks	down	everything	feels	live	recover	relationship	says	takes	things	true	young
angel	around	creation	foundation	moral	our	principle	reason	us	values	wings
attention	bring	disease	disorder	eating	even	foundation	lost	name	needs	passed	prevalent	question	should	society	soon	superstars	tragedy	two
band	broken	fell	hearted	hit	home	road
amazing	child	comfortable	command	concert	deliver	ease	effortlessly	flat	presence	prodigy	seemed	signature	special	vibrato	vocalist
anyone	beat	does	drummer	find	thanks
brains	deserves	despecio	humans	light	makes	outbeats	something	swift	taylor	trillion	views	wonder	wrong
almost	apologize	came	charge	completely	discharged	phone	preserve
after	angel	arm	around	beegees	beethoven	boat	couples	cruise	dancing	disco	elaborate	even	fever	fifth	fires	gorgeous	happy	heaven	imagination	instrumental	kissing	lot	missing	must	night	princess	romantic	saturday	say	sea	see	ship	shoulder	though	walking
anyone	brilliant	compare	cooler	future	guys	may	soldiers	tomorrow	without
1967	blasted	cassani	comes	course	engelbert	innamoro	into	italian	maro	melody	obscure	original	panzeri	parrot	quando	records	stratosphere
easy	exactly	innocent	right	says	simple	wants	woman
accepting	age	big	currently	dates	dudes	every	girl	guy	ha	hair	im	international	mean	pink	pretty	range	suit	them	want
buble	dean	martin	michael	original	prefer	spanish
country	hank	hits	well
brilliant	changes	even	everyone	feel	happen	happened	lost	makes	things	thinking
80	90	back	bass	classics	early	era	florida	honestly	lock	mid	say	south	through	whole
1988	1989	amazing	away	bournemout	bournemouth	brings	centre	december	eyes	forgotton	home	january	ll	passed	pavillion	rip	road	roy	start	tears	tour	town	truly	uk	venue	westover
14	grandma	introduced	shall
aren	bullshit	give	materialistic	true	where	written	wrong
feel	given	helps	inspirational
age	doing	done	dream	gifted	lot	tender	well	where	wonder	young
another	around	bulls	dance	days	epileptic	feels	guy	look	lot	noise	seized
down	female	greatest	hands
close	elvis	king	number	place	taking
india	kind	series	titans
days	intelligent	later	nicer	pretty	women
ago	assignment	english	homework	looked	minutes	searched
bankrupt	brother	hope	lived	off	problem	see
audience	checked	doc	doesn	dream	every	girl	hypnotizes	might	need	puts	race	seen	single	state
complaining	go	guys	ll	stop
2019	30th	feel	happy	january
retarded
gold	recommended	youtube
1963	27	cause	feel	incredible	kind	living	makes	missing	released	saying	ve
1930	1970	history	knew	lived	magic
california	car	desert	driving	golden	imagine	moment	roadway	sunset	through	warm
045	artist	birds	clip	mean	movie	showing	sings	snow	stars	storm	sung	two
asleep	crying	fell	little	play	sister	started
gang	leader	lol	want
seen	tube
black	either	fantastic	girl	mixed	race	thought
change
anything	doing	sounded
nowadays	performance	rock	stars	used
act	allergies	died	everytime	eyes	lose	start	watering
doesn	folks	glad	hope	maybe	played	rock	roll	stuff	young
after	compose	decades	memorable	nowadays	touching
dear	friend	weekend	wishes	wonderful
bad	favorite
age	height	left	prime	talented	us	young
irreplaceable	untouchable
handsome	heavenly	looks	met
50	60	soul	unlike
course	drum	famous	oh	splendid	track	work
forget	gives	leo	memorable
amazing	another	back	bone	brilliant	call	interpreter	liked	masterpiece	proof	them	together	work	wrong	yet
37	amazing	emotional	goddard	paulette
naughty	pop	should
cannot	handsome	look	over	sound	stil
artist	beautifully	fantastic	female	find	lyrics	match	written
called	dynamite	lil	miss	shes
belongs	everyone	legend	loves	sang	true
10	11	amazing	amazingly	dance	feel	getting	lyrics	makes	mesmerizing	scale	sharing	superb	thx	undoubtedly	waltz
16years	age	although	days	emotional	fan	feel	golden	jim	lord	loving	reeves	relaxed	singers	vouch
curious	living	members	original	tavares
amazing	enchanced	era	graphics	hd	simplistic	something	special	yet
almost	ignore	impossible	intoxicating	intro	naturally
ages	anymore	wrong
2019	anyway	likes	listens	mom	sings
artists	fame	generation	lust	new	nobody	nowadays	sucks	touching	write
created	forgotten	should
17	davis	goes	maybe	primary	school	son	spencer	steve	teacher	well	while	winwood	wrote
1954	another	billy	called	eckstine	hit	single	timeless	top
cherish	every	moment	reason	should
before	touching	wonderful	words
apart	ll	lyrics	meaningful	movie	powerful	soundtracks	understand
after	anyone	faithful	infidelity	losing	lyrics	married	sentiment	temptation	true	uncomfortable
else	gift	giving	goes	keeps	someone
industry	loss	tragic	unique	voices
awful	camera	clever	clip	considered	despite	irritating	obscuring	performance	perhaps	singers	work
almost	every	female	rock	roll	vocal
agree	anything	ask	cookout	every	family	fits	genders	generation	greatest	hey	let	muchm	other	party	play	races	same	seemed	situation	tell	them	type	ya
awesome	coolest	elvis	name	person	sung
clarity	depth	deteriorated	male	sounds	timber	vocalist
adds	anymore	comfort	create	knowing	laura	maybe	personal	sorrow	thing
inverted	men	nowadays	once	upon	women
cases	finished	half	lyrics	others	wrong
gentle	loping	sweetest	teresa
vocals	words
barry	brilliant	done	mix	motown	orchestra	palmer	reminds	robert	unlimited	ve	white
being	call	called	deserver	evergreen	happiest	moment	priceless	thing	thousand
appreciate	shout	teens	tunes
60	comments	idea	loved	read	stevie	until	winwood
15	1998	22	boyfriend	husband	last	loved	send	since	together	valentine
concert	greatest	history
awesome	favorite	greatest	loss
baby	days	door	exactly	favorite	guy	new	next	nine	told
bless	comment	family	may	read	wonderful
1965	1966	2019	brothers	december	does	frankie	justice	label	originally	recorded	released	single	smash	successful	valli	walker
around	mom	playing	right	sharing	thanks
baby	blow	guaranteed	mind	part	roller	steam
2019	28	again	aloud	apt	every	four	listens	loving	second	sept	should	three	trick
50	alongs	bird	brewer	covers	dinah	early	ford	hill	hits	instead	interpretation	into	late	les	lullaby	mary	missed	original	page	patti	paul	sang	shore	sixties	sleepy	something	teresa	using	wake	wrong
abandant	blessing	divine	eternal	grace	hard	our	promise	receive	recognition	reward	see	selves	through	waiting	welbeing	welfare	work	working
actors	brilliant	compilation	compliments	genius	greatest	hard	pure	screen	silver	sironaca	work
country	disc	gold	hank	locklin	recorded	selling	single	top
back	builds	crescendo	favorites	magnificent	matched	rarely
band	college	drum	excellent	horns	line	percussion	perform	show
agree	big	completely	converts	expression	feelings	into	lyrics	stuff	thanks
beauty	broken	understand
calmer	days	made	words
live	quite	record	sounds
certain	every	scene	supernatural
ago	commented	didn	figured	jerry	long	seems	vale	where	yes
amazing	drumming	known	lifts	little	sensational
bad	caught	change	detention	gonna	ll	lol	nothing	since	sings	teacher	wonder
banging	dad	incredible	kitchen	recordings
000	100	around	bankrupt	barbados	becomes	being	billion	billions	business	carlos	comes	company	concern	concerns	director	dollar	fall	friend	further	go	goes	hinds	holders	invest	king	lawyers	managing	nothing	peter	share	suicide	zulus
country	hits	infomercial	jukebox	tv
anything	done	everyone	forgets	help	hoping	lol	meaningful	might	outstanding	pay	person	put	repay	say	sees	selected	shots	single	together	wanted	work
alike	artistically	because	both	brothers	confuse	deal	deserve	groups	magnificently	masterpiece	outstanding	probably	reason	respect	righteous	sound	sung	unforgettable	walker	wow
1st	70	after	background	chorus	comma	half	melody	name	noticed	piano	riff	says	shines	sings
goodnight	listened	thankfully
delivery	face	high	last	notes	part	satisfied	see	sings
angel	dreaming	human	slap	wake
brenda	brings	davis	does	emotion	job	originally	same	skeeter	sung
barbiedolly	before	didn	glich	little	maybe	meant
both	cloudy	freedom	loved	mornings	ones	presence
10	came	least	played	times
bit	dancing	dean	down	favorite	feel	headphones	pretend	put
advance	chorus	com	goes	hard	https	months	off	remember	s160cdsw59ye	same	similar	something	starts	thanks	trying	ve	vocaroo
called	camels	desert	east	go	job	let	lol	makes	middle	parts	saw	side	till	trailer	wondered
150	blame	boring	cookie	crop	cutter	duration	emotion	entire	fry	mph	over	re	singers	teachers	use	vocal	young
hit	should	usa
1988	anymore	appreciated	backup	because	change	era	especially	fool	going	having	incase	may	might	nothing	otherwise	plan	ready	sacred	thought	track	true	upload	via	without
ago	away	cry	dare	feelings	germany	mum	passed	seldom	totally	two	understand	vulnerable
500	after	appreciate	ask	convinced	even	stone	times	transplant
already	dare	even	into	tears	watching
book	dynamite	little	miss	oldies	replaced	singers	topped
expressions	face	fits	new	pictures	put	story	tell	whole
again	elvis	entertainment	nothing
again	doc	fall	peace
attention	create	inside	live	snatched	taught	uncle
again	break	everyday	sleep	try	wake	want
comments	editing	posting	thanks	watching	worthwhile
compared	king	nothing	others	stealing
age	golden	pleasure	priceless
daughter	likes
70	80	art	care	generation	musics	part	signers	true
appreciate	green	listener	sings	youtube
15	crying	damn	feel	girl	kinds	likes	reincarnated
1960	finest	hit	single	singles	stands
beat	excellent	romantic
age	comes	dear	friend	glad	important
42	born	era	feel	kids	lucky	nowadays	play	proud	them
appreciated	carolinas
asking	bless	dear	friends	offering	our	protect	wherever
mans	stops	texting	whose
affluence	disturbing	era	made	masterpiece	necessary	richness	state	things	valued
devastated	does	feels	stops	times	yet
2nd	age	build	came	grade	memory	movie	treasure	youth
actress	anyone	background	cigarette	clip	does	glass	hand	holds	name	over	photo
almost	classy	describe	every	horny	nowadays	rebellious	romantic	story	which
care	done	remains	same
breaking	cry	part	where
black	brothers	community	group	living	moving	perform	shows	stay	swoon	talent	tavares
absolutely	gut	hit	lot	quite	sang	sorry	unusual	ve	which	wrenching
again	believe	country	junk	play	radio	rock	sirius	sucks	true	youtube
lonely	without
auto	back	era	form	funny	generations	grandparents	introduction	lest	listened	listeners	look	parents	say	them	true	truer	tuned	youth
because	grandparents	hanging	kind	parents
audio	create	say	wonderful
another	beauty	black	blow	call	channel	didn	english	few	into	laugh	longer	playing	staves	super	thing	though	tire	tony	windy	wold
behind	childhood	favorite	screen	sharing
connotations	days	different	lady	lane	naughty	shady	well
age	await	ball	dudes	imagine	leo	less	masterpieces	natural	passed	pop	radio	talent	tarts	them	wailing	written	young
40	anybody	cute	recognize	unforgettable	woman
realized	something
peace	romantic	sweetest	wow
cheezoid	complex	glad	likes	lol	something	superiority	used	wrong
gold	pure
anytime	distant	drums	emotions	especially	eved	jim	overcome	reeves	teary
dance	dancing	disco	era
11	19	29	end	keep	powerful	timeless	until
14	cousin	family	favorite	learn	our	yrs
18	days	die	honestly	kind	lol	masterpiece
male	recordings	sinatraphile	truly
angel	anyone	dynamite	little	men	miss	peace	second	sent	us	voices	women
afterwords	happened	hit	lost	lovely	though	wonder
funny	gets	jackson	legend	michael	played	radio	regarded	though
1955	april	charts	listed	march	popular	uk	us
cell	download	put	where
able	beauty	bottom	delivered	measure	message	tomorrow	twice	unfortunately	weight	word	youngsters
blow	tried	tune
annoying	assume	certainly	dancing	does	feel	himself	judging	leo	listeners	sayer	viewers
bit	cry	hell	little	makes	mean	surely
before	father	lately	listened	loved	sang	sometimes	which
john	over	right	tired
consolation	early	far	find	hope	katharina	learn	loss	sorry	sweet
background	definitely	live	performed	sure	vocals
everytime	favorite	forever	question	radio	touch	wow
adele	eat	etc	harmonies	lyrics	singers
enjoy	relax
afraid	answer	expert	give	guitarist	looks	may	right	straight
100	29	albums	along	australia	boxer	college	daddy	eric	generation	grandma	grandpa	guess	jim	least	maybe	mine	mr	mummy	myanmar	next	presented	reeves	sir	top	well	which	wonderful
backs	future	hope	look	memories	service
departs	everything	fades
almost	change	feeling	gonna	months	nothings	read	remember	strong	wuv
before	biggest	carpenter	effortless	far	favorite	go	inspiration	karen	own	performing	practice	pure	recordings	use
after	another	beginning	cause	cockamame	dead	door	dream	idea	improvement	light	loving	lucky	mean	move	our	rest	room	says	second	seeing	should	special	sure	true	tunnel	wait
based	favorite	feeling	generation	known	performer	popularity	roy	solely	sure	talent	ve
alone	being	bit	depressed	feeling	listened	lonely	right	roy
action	afro	apparent	background	bizarre	bob	down	entire	hot	painting	reason	ross	seriously	throughout
brilliant	detract	difficult	elsewhere	imprinted	look	mind	once	seen	sound	tight	trousers
actress	anyone	tell
end	happens	paint	pretty	wearing
2019	2040	80s	another	evoke	evolution	response	similar	sure	year
2019	disco	even	fresh	house	often	shows	sounds	timeless
banger	believe	matter	missing	year
anymore	barely	brenda	every	favorites	fifteen	goodness	heartstrings	herself	hit	home	lee	list	lyrics	reality	sang	set	sure	them	torch	understood	younger
earth	heaven	shine	shined	ya
band	commented	gas	kid	register	station	stopped	store	system	them	tune	yesterday
flows	opinion	original
amazingly	gorgeous	titans
19	60s	additional	amazing	away	blows	correct	drummer	fantastic	format	headphones	hearing	hidden	kan	magnificent	mind	off	our	player	presenting	production	ps	record	somewhere	stereo	thru	try	uk
another	loved	recordings	wonderful
brothers	frankie	mind	must	original	recollection	slow	thinks	valli	walker	yes
amazing	away	because	care	chance	girl	give	hard	keep	lost	met	ones	pushing	satisfied	showing	them
60	again	along	appeared	association	brothers	case	comes	didn	info	interested	jim	live	mary	original	re	realize	recording	show	smothers	sophisticated	technology	thanks	tube	where	yester
body	every	melodious	sings	sweeter
boy	favorite
laura	name	thomas	tommy	wifes
80s	broadcast	classics	early	era	huge	other	pop	radio	streaming	them
masterpiece	minutes	over	perfect	recoding	studio	wonder
after	amazing	came	cute	grandma	guy	smile	street	sweet	yes
anymore	singers	timeless	truly	wonder
wherever
clear	colorful	die	karen	unique	young
big	catchy	harmonies	hum	intro	lovely	once	pop	proper	record	tune
car	fire	see	star	titans	waking
country	wished
1st	classics	clubs	europe	germany	hey	honeymoon	in2	message	our	play	scan	thanks	tips	weeks
fantastic	forgot	gorgeous	hello	woman
11	17	18	baby	days	girl	granddaughter	nine
dying	eh	slowly	words
gonna	head	ones	rings	shine	sun
break	everyday	lonely	start	wake	without
emotional	feel	lyrics
gorgeous
anymore	behind	being	broke	came	crazy	decide	dizzy	everytime	excitement	exciting	fear	look	made	night	person	running	see	seen	star	stop	ve	yes
before	executed	exists	family	home	past	reminiscing	tells
emotion	full	loving	person	true	yes
awesome	blues	comparison	doubt	genres	incredible	mr	presley
amen	blessing	everyone	knows	yet
bad	create	didn	enjoy	forever	greatest	history	master	musical	pieces	us	voices
4th	selling	single	worldwide
bluesy	comfortable	definitely	down	low	roots	style
again	baby	boomer	doubt	era	experience	lovely	lyrics	ones	post	sadly	same	seem	shame	war	yes	young
30	awakening	chopin	cried	ending	kate	last	minutes	reading	straight	while
fast	four	horrible	seasons	thinks
adam	backing	barry	faith	john	made	orchestra	pizzicato	pop	records	strings	superb	technically	use	wasn
almost	bring	eyes	tears
during	hanged	lived	lol	mind	probably	racism	remember	sometime
awesome	limitlessly	parallel	reincarnated	universe	want	where
chock	college	cool	curious	educator	emerge	era	full	hi	himself	imho	mederios	mr	ones	pop	prep	president	pretty	reinvent	romantic	school	went
else	guys	off	please	profiting	someone	talent
each	listened	million	perfect	times
bass	cool	easy	echoed	emptiness	excellent	four	going	line	lose	lyric	miss	musically	nothing	piano	place	re	seasons	spectorish	start	stuff	win
enjoy	posting	thanks	wonderful
covered	mean
ancient	break	enjoy	regret
another	cry	guy	mean
bad	believe	change	crying	feel	going	makes	nothing	someone
60s	ballads	brilliant	engel	full	given	masculine	melancholy	mid	pop	scott	throttle
believe	dynamite	few	little	modern	perform	superb
actor	believe	crowd	end	image	movie	tragic
absolutely	devastating	down	loss	sends	shivers	spine	us
billy	copy	eckstine	gras	mardi
exquisite	mandolin	piece	played
already	biography	crossed	fans	few	making	mind	sure	tell	themselves	two	write
go	iconic	images	job	movies	perfect	seen	sironaca	special	ve
before	going	keeping	pretty	ricky	watch
intro	orchestration	ruins	tune	without
look	mom	told
ads	belong	came	care	donald	epic	greeted	group	hillary	message	pissed	political	trump
18	ago	change	feeling	gonna	lovely	loving	married	nothing	same	says	truly	wife
brenda	collection	dopamine	hit	however	lee	little	otherwise	outstanding	place	seems	singers
everybody	excuse	honest	liking	nonce	re	rest	us
anyone	please	share	similar
angel	artist	concerts	died	earth	effort	eyes	greatest	handsome	peace	rest	see	sufferience	unique	young
briefly	feeling	glad	joy	leave	left	shared	us
company	create	intelligible	orchestra	overwhelmed	record	vocals
70s	amazing	bad	billboard	brown	kept	leroy	pop	possibly	pretty	rock	slot	stupid	written
curtis	discovering	least	photo	pleasant	resembles	thanks	tony	youtube
2019	born	others
dance	down	failing	fight	headphones	platform	train	trying	urge	waiting	walk	xd
along	cry	emotion	every	family	king	live	long	makes	pics	single
artist	favorite	grew	lyrics	mom
greatest	lady	teresa
background	blues	elvis	parody	period	playing
100	absolutely	excellence	gold	line	masterpiece	memories	phenomenal	pure	solid	sound	standard	talent	top
goes	memory
bad	hates	laura	mood	sister
appear	forever	mankind	ones	stay
ago	concert	days	dream	few	see	true
1980	1981	90s	attempts	dead	declined	disco	july	lived	rapidly	revival	short	totally
cover	feedback	give	hope	made
dead	forever	generation	glorious	musicians	our	shared	us	wake
docambra	give	notice	permission	remain	won	wouldn	youtube
changed	controlling	four	mine	name	parents	three
64	father	jim	reeves	remember	used	young
1966	67	anybody	before	beginning	both	came	ears	else	familiar	following	hearing	hey	hollies	melody	memories	might	other	parallel	see	seems	ve	versa	vice	where	whispering	wondering	wrote
eyes	few	others	tears	touches	typing
called	king	known	rated	under
40	burton	elvis	james	must	nelson	over	rickey	rocks	stolen
however	put	soul
childhood	didn	friends	grandpa	serious
afraid	feel	someone	tell
brilliant	choir	ear	left	lovely	middle	million	perfect	piano	right	stereo	strings
dad	kind	mom	western
also	belief	nothing	reflects	without
able	arranged	brother	crafted	credit	enough	gets	quieted	repackage	richard	shame	soon	wonderfully
adult	adults	back	beings	bringing	brought	children	consider	future	given	hands	human	incredibly	instead	into	lies	names	new	playthings	scary	stupid	whose
age	comments	dumb	exactly	may	means	nor	other	others	say	tomorrow	twice	whatever
after	born	clearly	creation	credit	documentary	even	geniuses	gift	given	iconic	learned	responsible	style	success	two	watching
days	nonsense	timeless
anyone	laugh	liking	makes	thought
favorite	forever
arrangement	distraction	huge	images	jumping	poor
america	anymore	found	icon	rip	singers
40	brought	c9	daddy	dated	film	haven	home	instrumental	myself	sweet	thought	vintage	yeah
definitely	even	five	loved	tire	top
bought	happy	supernatural	yeah
away	breath	exercise	literally	needs	says	son	takes
classics	pleasure	stumble	upon
english	go	later	learn	lyrics	said	say	sway	thought	weak
books	english	learn	messages
latina	mixed	pretty	race
before	bit	breath	came	every	gather	sounds	take
bs	democrat	everytime	sound	spewing	starts	violins
expensive	iconized	something
big	every	girl	little	single	understand	word
favorite	lady	lovely	mind	peace
alone	happened	hip	hop	our	put	rap	together
slides	stars
drinking	invent	live	machine	made	mediterranean	oh	please	self	want	wine
70s	class	pop	written
attention	before	course	paid	ve
crying	eyes	killing	lyrics	tears
charming	mother	must	naples	original	say	speak	tongue
compared	garbage	lot	singers	todays	total
aren	band	popular	recognized	shame	smashing
another	behind	clear	damn	effortless	ended	enjoy	karen	left	lot	rip	seemed	soon	taken	woman
before	dropped	found	go	let	trailer	week
27	country	taste
amazing	bass	brothers	david	forget	funk	give	greatest	jamie	jamison	levi	marvin	motown	others	smokey	stubbs	thanks	tops	troubled	underrated	voices
friend	mean	sounds
